Datetime,Water Level (m)
2025-03-24 12:00:00,-0.84984386
2025-03-24 13:00:00,-0.53903717
2025-03-24 14:00:00,-0.11252905
2025-03-24 15:00:00,0.28959814
2025-03-24 16:00:00,0.6103572
2025-03-24 17:00:00,0.78455555
2025-03-24 18:00:00,0.7557426
2025-03-24 19:00:00,0.5040992
2025-03-24 20:00:00,0.15868971
2025-03-24 21:00:00,-0.19973625
2025-03-24 22:00:00,-0.55409104
2025-03-24 23:00:00,-0.89609843
2025-03-25 00:00:00,-1.1987007
2025-03-25 01:00:00,-1.3187809
2025-03-25 02:00:00,-0.9808361
2025-03-25 03:00:00,-0.5113302
2025-03-25 04:00:00,-0.014553409
2025-03-25 05:00:00,0.3512839
2025-03-25 06:00:00,0.55955726
2025-03-25 07:00:00,0.5467567
2025-03-25 08:00:00,0.29412344
2025-03-25 09:00:00,-0.03630556
2025-03-25 10:00:00,-0.37258133
2025-03-25 11:00:00,-0.72160995
2025-03-25 12:00:00,-1.0264007
2025-03-25 13:00:00,-1.1953685
2025-03-25 14:00:00,-0.82013226
2025-03-25 15:00:00,-0.22066674
2025-03-25 16:00:00,0.3736526
2025-03-25 17:00:00,0.82927006
2025-03-25 18:00:00,1.0933905
2025-03-25 19:00:00,1.1056627
2025-03-25 20:00:00,0.814811
2025-03-25 21:00:00,0.41275436
2025-03-25 22:00:00,-0.014054691
2025-03-25 23:00:00,-0.42354095
2025-03-26 00:00:00,-0.82798
2025-03-26 01:00:00,-1.1921445
2025-03-26 02:00:00,-1.374822
2025-03-26 03:00:00,-0.93341565
2025-03-26 04:00:00,-0.29429382
2025-03-26 05:00:00,0.3063587
2025-03-26 06:00:00,0.72933275
2025-03-26 07:00:00,0.94703376
2025-03-26 08:00:00,0.8525785
2025-03-26 09:00:00,0.50246525
2025-03-26 10:00:00,0.09662829
2025-03-26 11:00:00,-0.3025449
2025-03-26 12:00:00,-0.711421
2025-03-26 13:00:00,-1.0703803
2025-03-26 14:00:00,-1.2746681
2025-03-26 15:00:00,-0.72427267
2025-03-26 16:00:00,0.005840616
2025-03-26 17:00:00,0.6724882
2025-03-26 18:00:00,1.1589227
2025-03-26 19:00:00,1.3952832
2025-03-26 20:00:00,1.3072892
2025-03-26 21:00:00,0.9193101
2025-03-26 22:00:00,0.47144526
2025-03-26 23:00:00,0.0035016362
2025-03-27 00:00:00,-0.44349784
2025-03-27 01:00:00,-0.8686261
2025-03-27 02:00:00,-1.2556113
2025-03-27 03:00:00,-1.3054329
2025-03-27 04:00:00,-0.5904539
2025-03-27 05:00:00,0.15899126
2025-03-27 06:00:00,0.76385766
2025-03-27 07:00:00,1.1673164
2025-03-27 08:00:00,1.276875
2025-03-27 09:00:00,1.0007486
2025-03-27 10:00:00,0.58041054
2025-03-27 11:00:00,0.12143796
2025-03-27 12:00:00,-0.32178012
2025-03-27 13:00:00,-0.75519216
2025-03-27 14:00:00,-1.143582
2025-03-27 15:00:00,-1.2718146
2025-03-27 16:00:00,-0.5124747
2025-03-27 17:00:00,0.30454752
2025-03-27 18:00:00,0.98693997
2025-03-27 19:00:00,1.4463041
2025-03-27 20:00:00,1.6018516
2025-03-27 21:00:00,1.3624722
2025-03-27 22:00:00,0.91331446
2025-03-27 23:00:00,0.4248347
2025-03-28 00:00:00,-0.0647527
2025-03-28 01:00:00,-0.52499247
2025-03-28 02:00:00,-0.95755637
2025-03-28 03:00:00,-1.3266535
2025-03-28 04:00:00,-0.9606404
2025-03-28 05:00:00,-0.13563234
2025-03-28 06:00:00,0.6692887
2025-03-28 07:00:00,1.229219
2025-03-28 08:00:00,1.5519472
2025-03-28 09:00:00,1.502329
2025-03-28 10:00:00,1.0918766
2025-03-28 11:00:00,0.62861866
2025-03-28 12:00:00,0.12834063
2025-03-28 13:00:00,-0.34714055
2025-03-28 14:00:00,-0.7935171
2025-03-28 15:00:00,-1.1863023
2025-03-28 16:00:00,-1.0371565
2025-03-28 17:00:00,-0.16963449
2025-03-28 18:00:00,0.6838605
2025-03-28 19:00:00,1.307961
2025-03-28 20:00:00,1.704785
2025-03-28 21:00:00,1.7031081
2025-03-28 22:00:00,1.3064415
2025-03-28 23:00:00,0.82318383
2025-03-29 00:00:00,0.30663982
2025-03-29 01:00:00,-0.19333237
2025-03-29 02:00:00,-0.66046417
2025-03-29 03:00:00,-1.0932943
2025-03-29 04:00:00,-1.3541536
2025-03-29 05:00:00,-0.58472174
2025-03-29 06:00:00,0.30763733
2025-03-29 07:00:00,1.0591705
2025-03-29 08:00:00,1.5579172
2025-03-29 09:00:00,1.7519028
2025-03-29 10:00:00,1.5002235
2025-03-29 11:00:00,1.0354663
2025-03-29 12:00:00,0.5326947
2025-03-29 13:00:00,0.02077193
2025-03-29 14:00:00,-0.45525882
2025-03-29 15:00:00,-0.90380317
2025-03-29 16:00:00,-1.2841169
2025-03-29 17:00:00,-0.7461946
2025-03-29 18:00:00,0.15658243
2025-03-29 19:00:00,0.9716846
2025-03-29 20:00:00,1.5191607
2025-03-29 21:00:00,1.7755561
2025-03-29 22:00:00,1.5945146
2025-03-29 23:00:00,1.1225386
2025-03-30 00:00:00,0.6220282
2025-03-30 01:00:00,0.10066913
2025-03-30 02:00:00,-0.38784873
2025-03-30 03:00:00,-0.8515668
2025-03-30 04:00:00,-1.2799854
2025-03-30 05:00:00,-1.1676887
2025-03-30 06:00:00,-0.24489188
2025-03-30 07:00:00,0.6822603
2025-03-30 08:00:00,1.346104
2025-03-30 09:00:00,1.7711222
2025-03-30 10:00:00,1.7956588
2025-03-30 11:00:00,1.399069
2025-03-30 12:00:00,0.9128963
